OBJECTID,GEOID,GEO,NAME,NEGATIVE,POSITIVE,HOSP_YES,HOSP_NO,HOSP_UNK,DEATHS,DATE
185,55021970900,Census tract,,261,5,-999.0,-999.0,-999.0,,1592229600000
186,55021971000,Census tract,,188,-999,-999.0,-999.0,-999.0,,1592229600000
188,55021971200,Census tract,,358,-999,-999.0,-999.0,-999.0,,1592229600000
193,55023960400,Census tract,,266,-999,-999.0,-999.0,-999.0,,1592229600000
194,55023960500,Census tract,,203,-999,-999.0,-999.0,-999.0,,1592229600000
195,55023960600,Census tract,,435,10,-999.0,6.0,-999.0,,1592229600000
201,55025000205,Census tract,,357,9,-999.0,-999.0,-999.0,,1592229600000
202,55025000300,Census tract,,395,6,-999.0,-999.0,-999.0,,1592229600000
203,55025000401,Census tract,,264,-999,-999.0,-999.0,-999.0,,1592229600000
204,55025000402,Census tract,,195,-999,-999.0,-999.0,-999.0,,1592229600000
205,55025000405,Census tract,,436,5,-999.0,-999.0,-999.0,,1592229600000
207,55025000407,Census tract,,444,9,-999.0,8.0,-999.0,,1592229600000
208,55025000408,Census tract,,324,10,5.0,-999.0,-999.0,,1592229600000
209,55025000501,Census tract,,386,8,-999.0,6.0,-999.0,,1592229600000
210,55025000503,Census tract,,538,18,-999.0,13.0,-999.0,,1592229600000
215,55025000901,Census tract,,185,-999,-999.0,-999.0,-999.0,,1592229600000
216,55025000902,Census tract,,335,-999,-999.0,-999.0,-999.0,,1592229600000
217,55025001000,Census tract,,198,5,-999.0,-999.0,-999.0,,1592229600000
218,55025001101,Census tract,,166,-999,-999.0,-999.0,-999.0,,1592229600000
219,55025001102,Census tract,,12,-999,-999.0,-999.0,-999.0,,1592229600000
223,55025001402,Census tract,,474,10,-999.0,9.0,-999.0,,1592229600000
224,55025001403,Census tract,,679,18,-999.0,14.0,-999.0,,1592229600000
225,55025001501,Census tract,,192,7,-999.0,5.0,-999.0,,1592229600000
226,55025001502,Census tract,,495,20,-999.0,16.0,-999.0,,1592229600000
231,55025001704,Census tract,,1031,23,-999.0,-999.0,18.0,,1592229600000
232,55025001705,Census tract,,398,-999,-999.0,-999.0,-999.0,,1592229600000
233,55025001802,Census tract,,349,9,-999.0,7.0,-999.0,,1592229600000
235,55025001900,Census tract,,749,7,-999.0,7.0,-999.0,,1592229600000
237,55025002100,Census tract,,579,11,-999.0,8.0,-999.0,,1592229600000
238,55025002200,Census tract,,443,7,-999.0,6.0,-999.0,,1592229600000
240,55025002302,Census tract,,461,-999,-999.0,-999.0,-999.0,,1592229600000
243,55025002500,Census tract,,219,6,-999.0,-999.0,-999.0,,1592229600000
245,55025002602,Census tract,,428,16,6.0,9.0,-999.0,,1592229600000
246,55025002603,Census tract,,452,10,-999.0,-999.0,5.0,,1592229600000
251,55025003002,Census tract,,285,7,-999.0,5.0,-999.0,,1592229600000
252,55025003100,Census tract,,583,18,5.0,12.0,-999.0,,1592229600000
253,55025003200,Census tract,,97,-999,-999.0,-999.0,-999.0,,1592229600000
254,55025010100,Census tract,,189,-999,-999.0,-999.0,-999.0,,1592229600000
255,55025010200,Census tract,,105,-999,-999.0,-999.0,-999.0,,1592229600000
260,55025010600,Census tract,,335,-999,-999.0,-999.0,-999.0,,1592229600000
264,55025010901,Census tract,,707,8,-999.0,5.0,-999.0,,1592229600000
265,55025010903,Census tract,,263,5,-999.0,-999.0,-999.0,,1592229600000
266,55025010904,Census tract,,625,14,-999.0,10.0,-999.0,,1592229600000
267,55025011000,Census tract,,294,8,-999.0,7.0,-999.0,,1592229600000
268,55025011101,Census tract,,410,6,-999.0,-999.0,-999.0,,1592229600000
269,55025011102,Census tract,,677,21,-999.0,17.0,-999.0,,1592229600000
274,55025011402,Census tract,,727,32,7.0,16.0,9.0,,1592229600000
275,55025011503,Census tract,,504,12,-999.0,8.0,-999.0,,1592229600000
276,55025011504,Census tract,,256,7,-999.0,-999.0,-999.0,,1592229600000
277,55025011505,Census tract,,302,7,-999.0,5.0,-999.0,,1592229600000
278,55025011506,Census tract,,430,15,-999.0,11.0,-999.0,,1592229600000
285,55025012100,Census tract,,121,5,-999.0,-999.0,-999.0,,1592229600000
286,55025012201,Census tract,,251,9,-999.0,-999.0,5.0,,1592229600000
287,55025012202,Census tract,,506,8,-999.0,5.0,-999.0,,1592229600000
288,55025012300,Census tract,,313,12,-999.0,8.0,-999.0,,1592229600000
289,55025012400,Census tract,,295,10,-999.0,10.0,-999.0,,1592229600000
294,55025012800,Census tract,,496,18,5.0,8.0,5.0,,1592229600000
295,55025012900,Census tract,,246,5,-999.0,-999.0,-999.0,,1592229600000
296,55025013000,Census tract,,283,-999,-999.0,-999.0,-999.0,,1592229600000
301,55025013700,Census tract,,461,7,-999.0,-999.0,-999.0,,1592229600000
304,55027960200,Census tract,,163,-999,-999.0,-999.0,-999.0,,1592229600000
305,55027960300,Census tract,,1770,230,-999.0,5.0,222.0,,1592229600000
310,55027960800,Census tract,,260,10,-999.0,6.0,-999.0,,1592229600000
311,55027960900,Census tract,,437,20,-999.0,5.0,11.0,,1592229600000
312,55027961000,Census tract,,351,12,-999.0,8.0,-999.0,,1592229600000
313,55027961100,Census tract,,574,5,-999.0,-999.0,-999.0,,1592229600000
318,55027961600,Census tract,,178,-999,-999.0,-999.0,-999.0,,1592229600000
319,55027961700,Census tract,,133,-999,-999.0,-999.0,-999.0,,1592229600000
320,55027961800,Census tract,,226,8,-999.0,-999.0,-999.0,,1592229600000
325,55029100300,Census tract,,217,-999,-999.0,-999.0,-999.0,,1592229600000
326,55029100400,Census tract,,238,8,-999.0,-999.0,-999.0,,1592229600000
328,55029100600,Census tract,,186,5,-999.0,-999.0,-999.0,,1592229600000
332,55029101000,Census tract,,131,-999,-999.0,-999.0,-999.0,,1592229600000
335,55031020400,Census tract,,141,-999,-999.0,-999.0,-999.0,,1592229600000
338,55031020700,Census tract,,139,-999,-999.0,-999.0,-999.0,,1592229600000
340,55031020900,Census tract,,56,-999,-999.0,-999.0,-999.0,,1592229600000
341,55031021000,Census tract,,57,-999,-999.0,-999.0,-999.0,,1592229600000
343,55031030100,Census tract,,266,-999,-999.0,-999.0,-999.0,,1592229600000
348,55033970200,Census tract,,288,-999,-999.0,-999.0,-999.0,,1592229600000
349,55033970300,Census tract,,438,6,-999.0,5.0,-999.0,,1592229600000
350,55033970400,Census tract,,357,-999,-999.0,-999.0,-999.0,,1592229600000
351,55033970500,Census tract,,550,-999,-999.0,-999.0,-999.0,,1592229600000
358,55035000301,Census tract,,183,-999,-999.0,-999.0,-999.0,,1592229600000
359,55035000302,Census tract,,448,8,-999.0,7.0,-999.0,,1592229600000
360,55035000400,Census tract,,706,10,-999.0,7.0,-999.0,,1592229600000
361,55035000501,Census tract,,261,-999,-999.0,-999.0,-999.0,,1592229600000
366,55035000802,Census tract,,240,-999,-999.0,-999.0,-999.0,,1592229600000
367,55035000803,Census tract,,410,6,-999.0,-999.0,-999.0,,1592229600000
368,55035000900,Census tract,,282,14,-999.0,11.0,-999.0,,1592229600000
369,55035001101,Census tract,,130,-999,-999.0,-999.0,-999.0,,1592229600000
370,55035001200,Census tract,,242,15,-999.0,11.0,-999.0,,1592229600000
371,55035001300,Census tract,,313,6,-999.0,5.0,-999.0,,1592229600000
373,55035001500,Census tract,,202,5,-999.0,-999.0,-999.0,,1592229600000
378,55037190200,Census tract,,100,-999,-999.0,-999.0,-999.0,,1592229600000
381,55039040200,Census tract,,256,10,-999.0,9.0,-999.0,,1592229600000
386,55039040800,Census tract,,341,7,-999.0,-999.0,-999.0,,1592229600000
387,55039040900,Census tract,,437,5,-999.0,-999.0,-999.0,,1592229600000
388,55039041000,Census tract,,179,-999,-999.0,-999.0,-999.0,,1592229600000
389,55039041100,Census tract,,635,30,-999.0,26.0,-999.0,,1592229600000
391,55039041400,Census tract,,326,-999,-999.0,-999.0,-999.0,,1592229600000
394,55039041700,Census tract,,205,6,-999.0,5.0,-999.0,,1592229600000
395,55039041800,Census tract,,389,9,-999.0,-999.0,-999.0,,1592229600000
396,55039041900,Census tract,,416,18,-999.0,13.0,5.0,,1592229600000
397,55039042000,Census tract,,563,19,-999.0,12.0,-999.0,,1592229600000
401,55041950100,Census tract,,40,-999,-999.0,-999.0,-999.0,,1592229600000
402,55041950200,Census tract,,104,25,-999.0,5.0,19.0,,1592229600000
403,55041950300,Census tract,,111,-999,-999.0,-999.0,-999.0,,1592229600000
404,55041950400,Census tract,,133,-999,-999.0,-999.0,-999.0,,1592229600000
409,55043960400,Census tract,,201,5,-999.0,-999.0,-999.0,,1592229600000
410,55043960500,Census tract,,214,6,-999.0,-999.0,-999.0,,1592229600000
411,55043960600,Census tract,,244,29,-999.0,12.0,15.0,,1592229600000
412,55043960700,Census tract,,386,14,-999.0,11.0,-999.0,,1592229600000
415,55043961000,Census tract,,376,12,-999.0,12.0,-999.0,,1592229600000
416,55043961100,Census tract,,354,6,-999.0,6.0,-999.0,,1592229600000
417,55043961200,Census tract,,257,11,-999.0,10.0,-999.0,,1592229600000
423,55045960500,Census tract,,212,13,-999.0,13.0,-999.0,,1592229600000
424,55045960600,Census tract,,198,9,-999.0,9.0,-999.0,,1592229600000
425,55045960700,Census tract,,188,-999,-999.0,-999.0,-999.0,,1592229600000
426,55045960800,Census tract,,237,6,-999.0,6.0,-999.0,,1592229600000
429,55047100200,Census tract,,219,7,-999.0,5.0,-999.0,,1592229600000
431,55047100400,Census tract,,162,-999,-999.0,-999.0,-999.0,,1592229600000
433,55047100600,Census tract,,510,6,-999.0,5.0,-999.0,,1592229600000
439,55049950500,Census tract,,253,-999,-999.0,-999.0,-999.0,,1592229600000
440,55049950600,Census tract,,255,-999,-999.0,-999.0,-999.0,,1592229600000
442,55051180100,Census tract,,190,-999,-999.0,-999.0,-999.0,,1592229600000
443,55051180200,Census tract,,13,-999,-999.0,-999.0,-999.0,,1592229600000
444,55051180300,Census tract,,24,-999,-999.0,-999.0,-999.0,,1592229600000
449,55053960400,Census tract,,339,5,-999.0,-999.0,-999.0,,1592229600000
452,55055100100,Census tract,,264,8,-999.0,-999.0,-999.0,,1592229600000
454,55055100300,Census tract,,281,14,-999.0,-999.0,11.0,,1592229600000
458,55055100602,Census tract,,184,-999,-999.0,-999.0,-999.0,,1592229600000
459,55055100700,Census tract,,254,12,-999.0,9.0,-999.0,,1592229600000
460,55055100800,Census tract,,185,-999,-999.0,-999.0,-999.0,,1592229600000
465,55055101202,Census tract,,84,-999,-999.0,-999.0,-999.0,,1592229600000
466,55055101300,Census tract,,412,12,-999.0,11.0,-999.0,,1592229600000
467,55055101400,Census tract,,224,17,-999.0,17.0,-999.0,,1592229600000
468,55055101500,Census tract,,327,16,-999.0,12.0,-999.0,,1592229600000
470,55055101701,Census tract,,67,-999,-999.0,-999.0,-999.0,,1592229600000
473,55057100100,Census tract,,147,-999,-999.0,-999.0,-999.0,,1592229600000
474,55057100200,Census tract,,249,11,-999.0,7.0,-999.0,,1592229600000
475,55057100300,Census tract,,211,-999,-999.0,-999.0,-999.0,,1592229600000
481,55059000100,Census tract,,405,27,-999.0,15.0,11.0,,1592229600000
482,55059000300,Census tract,,342,19,-999.0,10.0,6.0,,1592229600000
483,55059000400,Census tract,,261,25,-999.0,16.0,7.0,,1592229600000
486,55059000602,Census tract,,688,54,6.0,31.0,17.0,,1592229600000
487,55059000700,Census tract,,423,88,14.0,42.0,32.0,,1592229600000
492,55059001200,Census tract,,309,57,9.0,26.0,22.0,,1592229600000
493,55059001300,Census tract,,258,42,-999.0,21.0,18.0,,1592229600000
498,55059001800,Census tract,,163,26,-999.0,15.0,9.0,,1592229600000
499,55059001900,Census tract,,181,8,-999.0,6.0,-999.0,,1592229600000
500,55059002000,Census tract,,340,33,-999.0,19.0,11.0,,1592229600000
502,55059002200,Census tract,,238,21,-999.0,12.0,7.0,,1592229600000
505,55059002500,Census tract,,194,16,-999.0,7.0,8.0,,1592229600000
506,55059002601,Census tract,,392,59,7.0,36.0,16.0,,1592229600000
507,55059002602,Census tract,,592,53,11.0,18.0,24.0,,1592229600000
508,55059002700,Census tract,,330,22,-999.0,11.0,7.0,,1592229600000
515,55059003002,Census tract,,286,20,-999.0,11.0,7.0,,1592229600000
517,55061960100,Census tract,,225,-999,-999.0,-999.0,-999.0,,1592229600000
518,55061960200,Census tract,,110,7,-999.0,7.0,-999.0,,1592229600000
524,55063000300,Census tract,,190,-999,-999.0,-999.0,-999.0,,1592229600000
525,55063000400,Census tract,,223,18,-999.0,11.0,6.0,,1592229600000
526,55063000500,Census tract,,78,-999,-999.0,-999.0,-999.0,,1592229600000
530,55063000900,Census tract,,328,6,-999.0,-999.0,-999.0,,1592229600000
531,55063001000,Census tract,,297,-999,-999.0,-999.0,-999.0,,1592229600000
532,55063001101,Census tract,,127,-999,-999.0,-999.0,-999.0,,1592229600000
533,55063001102,Census tract,,408,-999,-999.0,-999.0,-999.0,,1592229600000
538,55063010202,Census tract,,405,6,-999.0,-999.0,-999.0,,1592229600000
539,55063010203,Census tract,,89,-999,-999.0,-999.0,-999.0,,1592229600000
540,55063010300,Census tract,,278,6,-999.0,-999.0,-999.0,,1592229600000
546,55063010800,Census tract,,150,-999,-999.0,-999.0,-999.0,,1592229600000
548,55065970100,Census tract,,131,-999,-999.0,-999.0,-999.0,,1592229600000
549,55065970200,Census tract,,221,20,-999.0,15.0,-999.0,,1592229600000
554,55067960100,Census tract,,116,-999,-999.0,-999.0,-999.0,,1592229600000
556,55067960400,Census tract,,141,-999,-999.0,-999.0,-999.0,,1592229600000
557,55067960500,Census tract,,92,-999,-999.0,-999.0,-999.0,,1592229600000
558,55067960600,Census tract,,248,-999,-999.0,-999.0,-999.0,,1592229600000
561,55069960100,Census tract,,58,-999,-999.0,-999.0,-999.0,,1592229600000
563,55069960300,Census tract,,67,-999,-999.0,-999.0,-999.0,,1592229600000
564,55069960400,Census tract,,40,-999,-999.0,-999.0,-999.0,,1592229600000
27840,55079080100,Census tract,,35,-999,,,,,1588687200000
27845,55079090200,Census tract,,26,-999,,,,,1588687200000
27846,55079090300,Census tract,,66,8,,,,,1588687200000
27847,55079090600,Census tract,,84,8,,,,,1588687200000
27848,55079090700,Census tract,,34,-999,,,,,1588687200000
27854,55079091300,Census tract,,56,7,,,,,1588687200000
27857,55079100200,Census tract,,65,10,,,,,1588687200000
27858,55079100300,Census tract,,61,-999,,,,,1588687200000
27859,55079100400,Census tract,,44,8,,,,,1588687200000
27860,55079100500,Census tract,,81,73,,,,,1588687200000
27863,55079100800,Census tract,,36,6,,,,,1588687200000
27864,55079100900,Census tract,,51,8,,,,,1588687200000
27865,55079101000,Census tract,,75,7,,,,,1588687200000
27866,55079101100,Census tract,,33,-999,,,,,1588687200000
27872,55079101700,Census tract,,62,-999,,,,,1588687200000
27873,55079101800,Census tract,,46,9,,,,,1588687200000
27874,55079110100,Census tract,,101,7,,,,,1588687200000
27875,55079120101,Census tract,,49,11,,,,,1588687200000
27881,55079120400,Census tract,,94,13,,,,,1588687200000
27882,55079120501,Census tract,,71,10,,,,,1588687200000
27886,55079140100,Census tract,,31,6,,,,,1588687200000
27888,55079140202,Census tract,,83,10,,,,,1588687200000
27889,55079150100,Census tract,,109,25,,,,,1588687200000
27896,55079160204,Census tract,,70,6,,,,,1588687200000
27897,55079160300,Census tract,,99,39,,,,,1588687200000
27899,55079170200,Census tract,,74,8,,,,,1588687200000
27904,55079170700,Census tract,,52,8,,,,,1588687200000
27905,55079180100,Census tract,,46,-999,,,,,1588687200000
27906,55079180200,Census tract,,80,12,,,,,1588687200000
27907,55079180300,Census tract,,66,8,,,,,1588687200000
27910,55079185100,Census tract,,64,5,,,,,1588687200000
27911,55079185200,Census tract,,68,11,,,,,1588687200000
27913,55079185400,Census tract,,29,5,,,,,1588687200000
27915,55079185600,Census tract,,36,8,,,,,1588687200000
27916,55079185700,Census tract,,52,10,,,,,1588687200000
27918,55079185900,Census tract,,18,7,,,,,1588687200000
27921,55079186200,Census tract,,88,9,,,,,1588687200000
27923,55079186400,Census tract,,6,-999,,,,,1588687200000
27924,55079186500,Census tract,,47,-999,,,,,1588687200000
27926,55079186800,Census tract,,73,7,,,,,1588687200000
27928,55079187000,Census tract,,63,10,,,,,1588687200000
27931,55079187400,Census tract,,65,11,,,,,1588687200000
27934,55081950100,Census tract,,70,-999,,,,,1588687200000
27935,55081950200,Census tract,,105,-999,,,,,1588687200000
27936,55081950300,Census tract,,173,-999,,,,,1588687200000
27940,55081950700,Census tract,,58,-999,,,,,1588687200000
27941,55081950800,Census tract,,45,-999,,,,,1588687200000
27942,55081950900,Census tract,,78,-999,,,,,1588687200000
27947,55083100700,Census tract,,34,-999,,,,,1588687200000
27948,55083100800,Census tract,,31,-999,,,,,1588687200000
27949,55083100900,Census tract,,28,-999,,,,,1588687200000
27950,55083101000,Census tract,,49,-999,,,,,1588687200000
27956,55085970101,Census tract,,8,-999,,,,,1588687200000
27957,55085970102,Census tract,,24,-999,,,,,1588687200000
27958,55085970400,Census tract,,22,-999,,,,,1588687200000
27963,55085970900,Census tract,,11,-999,,,,,1588687200000
27965,55085971002,Census tract,,9,-999,,,,,1588687200000
27966,55085971100,Census tract,,24,-999,,,,,1588687200000
27968,55085971400,Census tract,,40,-999,,,,,1588687200000
27971,55087010100,Census tract,,28,-999,,,,,1588687200000
27976,55087010602,Census tract,,32,-999,,,,,1588687200000
27977,55087010700,Census tract,,49,7,,,,,1588687200000
27980,55087011000,Census tract,,60,-999,,,,,1588687200000
27984,55087011300,Census tract,,32,-999,,,,,1588687200000
27985,55087011400,Census tract,,46,-999,,,,,1588687200000
27986,55087011501,Census tract,,33,-999,,,,,1588687200000
27987,55087011502,Census tract,,46,5,,,,,1588687200000
27994,55087012200,Census tract,,17,-999,,,,,1588687200000
27996,55087012400,Census tract,,30,-999,,,,,1588687200000
27998,55087012504,Census tract,,30,-999,,,,,1588687200000
27999,55087012505,Census tract,,35,-999,,,,,1588687200000
28000,55087012506,Census tract,,40,-999,,,,,1588687200000
28001,55087012601,Census tract,,56,-999,,,,,1588687200000
28006,55087012902,Census tract,,24,-999,,,,,1588687200000
28007,55087013100,Census tract,,74,-999,,,,,1588687200000
28008,55087013200,Census tract,,37,-999,,,,,1588687200000
28012,55089610101,Census tract,,25,-999,,,,,1588687200000
28014,55089620100,Census tract,,58,8,,,,,1588687200000
28017,55089630202,Census tract,,54,-999,,,,,1588687200000
28019,55089640200,Census tract,,84,8,,,,,1588687200000
28020,55089650101,Census tract,,65,6,,,,,1588687200000
28021,55089650102,Census tract,,28,-999,,,,,1588687200000
28022,55089650200,Census tract,,71,-999,,,,,1588687200000
28029,55089660304,Census tract,,35,-999,,,,,1588687200000
28030,55089990000,Census tract,,-999,-999,,,,,1588687200000
28032,55091950100,Census tract,,76,-999,,,,,1588687200000
28037,55093960300,Census tract,,23,-999,,,,,1588687200000
28040,55093960600,Census tract,,113,-999,,,,,1588687200000
28041,55093960700,Census tract,,78,-999,,,,,1588687200000
28042,55093960800,Census tract,,73,-999,,,,,1588687200000
28047,55095960500,Census tract,,15,-999,,,,,1588687200000
28048,55095960600,Census tract,,15,-999,,,,,1588687200000
28049,55095960700,Census tract,,53,-999,,,,,1588687200000
28050,55095960800,Census tract,,51,-999,,,,,1588687200000
28051,55095960900,Census tract,,45,-999,,,,,1588687200000
28052,55095961000,Census tract,,52,-999,,,,,1588687200000
28053,55095961100,Census tract,,22,-999,,,,,1588687200000
28059,55097960500,Census tract,,50,-999,,,,,1588687200000
28060,55097960600,Census tract,,27,-999,,,,,1588687200000
28061,55097960701,Census tract,,27,-999,,,,,1588687200000
28062,55097960702,Census tract,,14,-999,,,,,1588687200000
28070,55099970100,Census tract,,23,-999,,,,,1588687200000
28071,55099970200,Census tract,,30,-999,,,,,1588687200000
28072,55099970400,Census tract,,11,-999,,,,,1588687200000
28083,55101000700,Census tract,,83,18,,,,,1588687200000
28084,55101000800,Census tract,,74,26,,,,,1588687200000
28085,55101000901,Census tract,,61,12,,,,,1588687200000
28086,55101000903,Census tract,,61,7,,,,,1588687200000
28091,55101001100,Census tract,,83,18,,,,,1588687200000
28092,55101001201,Census tract,,52,12,,,,,1588687200000
28093,55101001202,Census tract,,94,45,,,,,1588687200000
28097,55101001501,Census tract,,42,9,,,,,1588687200000
28098,55101001502,Census tract,,104,8,,,,,1588687200000
28099,55101001504,Census tract,,87,14,,,,,1588687200000
28100,55101001505,Census tract,,53,12,,,,,1588687200000
28105,55101001703,Census tract,,42,7,,,,,1588687200000
28106,55101001705,Census tract,,67,13,,,,,1588687200000
28107,55101001706,Census tract,,45,9,,,,,1588687200000
28108,55101001801,Census tract,,65,5,,,,,1588687200000
28109,55101001802,Census tract,,35,-999,,,,,1588687200000
28110,55101001900,Census tract,,42,-999,,,,,1588687200000
28111,55101002001,Census tract,,27,-999,,,,,1588687200000
28116,55101002600,Census tract,,122,-999,,,,,1588687200000
28117,55101002701,Census tract,,46,-999,,,,,1588687200000
28118,55101002702,Census tract,,70,-999,,,,,1588687200000
28119,55101002800,Census tract,,41,11,,,,,1588687200000
28122,55103970100,Census tract,,23,-999,,,,,1588687200000
28125,55103970400,Census tract,,84,-999,,,,,1588687200000
28128,55105000100,Census tract,,11,-999,,,,,1588687200000
28135,55105000800,Census tract,,58,-999,,,,,1588687200000
28136,55105000900,Census tract,,37,-999,,,,,1588687200000
28137,55105001000,Census tract,,51,-999,,,,,1588687200000
28142,55105001303,Census tract,,54,9,,,,,1588687200000
28143,55105001304,Census tract,,116,8,,,,,1588687200000
28144,55105001400,Census tract,,88,7,,,,,1588687200000
28145,55105001500,Census tract,,26,6,,,,,1588687200000
28149,55105001900,Census tract,,35,12,,,,,1588687200000
28150,55105002000,Census tract,,53,13,,,,,1588687200000
28151,55105002100,Census tract,,46,7,,,,,1588687200000
28155,55105002500,Census tract,,33,12,,,,,1588687200000
28156,55105002601,Census tract,,79,23,,,,,1588687200000
28157,55105002602,Census tract,,49,10,,,,,1588687200000
28158,55105002700,Census tract,,26,-999,,,,,1588687200000
28163,55105003100,Census tract,,115,-999,,,,,1588687200000
28164,55105003200,Census tract,,29,-999,,,,,1588687200000
28165,55105003300,Census tract,,46,14,,,,,1588687200000
28167,55107960100,Census tract,,24,-999,,,,,1588687200000
28168,55107960200,Census tract,,21,-999,,,,,1588687200000
28170,55107960400,Census tract,,15,-999,,,,,1588687200000
28175,55109120202,Census tract,,29,-999,,,,,1588687200000
28176,55109120300,Census tract,,39,-999,,,,,1588687200000
28177,55109120400,Census tract,,46,-999,,,,,1588687200000
28178,55109120501,Census tract,,48,-999,,,,,1588687200000
28183,55109120901,Census tract,,27,-999,,,,,1588687200000
28184,55109120903,Census tract,,91,-999,,,,,1588687200000
28185,55109120904,Census tract,,23,-999,,,,,1588687200000
28186,55109121000,Census tract,,46,-999,,,,,1588687200000
28192,55111000402,Census tract,,77,-999,,,,,1588687200000
28197,55111000900,Census tract,,40,-999,,,,,1588687200000
28198,55111001001,Census tract,,84,5,,,,,1588687200000
28199,55111001002,Census tract,,44,-999,,,,,1588687200000
28200,55111001100,Census tract,,67,7,,,,,1588687200000
28204,55113100500,Census tract,,41,-999,,,,,1588687200000
28206,55113100800,Census tract,,14,-999,,,,,1588687200000
28207,55113940000,Census tract,,62,-999,,,,,1588687200000
28210,55115100200,Census tract,,13,-999,,,,,1588687200000
28213,55115100500,Census tract,,72,-999,,,,,1588687200000
28215,55115100700,Census tract,,21,-999,,,,,1588687200000
28216,55115100800,Census tract,,30,-999,,,,,1588687200000
28218,55115101000,Census tract,,42,-999,,,,,1588687200000
28219,55115101100,Census tract,,41,5,,,,,1588687200000
28221,55117000100,Census tract,,29,-999,,,,,1588687200000
28222,55117000201,Census tract,,24,-999,,,,,1588687200000
28223,55117000202,Census tract,,43,-999,,,,,1588687200000
28224,55117000300,Census tract,,63,-999,,,,,1588687200000
28226,55117000500,Census tract,,44,-999,,,,,1588687200000
28229,55117001000,Census tract,,58,-999,,,,,1588687200000
28231,55117010100,Census tract,,9,-999,,,,,1588687200000
28232,55117010200,Census tract,,22,-999,,,,,1588687200000
28234,55117010400,Census tract,,17,-999,,,,,1588687200000
28235,55117010501,Census tract,,74,-999,,,,,1588687200000
28240,55117010800,Census tract,,25,-999,,,,,1588687200000
28241,55117010900,Census tract,,29,-999,,,,,1588687200000
28242,55117011000,Census tract,,20,-999,,,,,1588687200000
28243,55117011100,Census tract,,26,-999,,,,,1588687200000
28248,55119960100,Census tract,,33,-999,,,,,1588687200000
28253,55119960600,Census tract,,17,-999,,,,,1588687200000
28255,55121100100,Census tract,,81,-999,,,,,1588687200000
28256,55121100200,Census tract,,78,-999,,,,,1588687200000
28262,55121100800,Census tract,,84,-999,,,,,1588687200000
28264,55123960100,Census tract,,24,-999,,,,,1588687200000
28265,55123960200,Census tract,,41,-999,,,,,1588687200000
28270,55123960700,Census tract,,73,-999,,,,,1588687200000
28272,55125940000,Census tract,,21,-999,,,,,1588687200000
28273,55125950200,Census tract,,20,-999,,,,,1588687200000
28275,55125950600,Census tract,,22,-999,,,,,1588687200000
28276,55125950700,Census tract,,37,-999,,,,,1588687200000
28279,55127000102,Census tract,,20,-999,,,,,1588687200000
28284,55127000501,Census tract,,17,-999,,,,,1588687200000
28286,55127000600,Census tract,,106,56,,,,,1588687200000
28287,55127000701,Census tract,,38,15,,,,,1588687200000
28293,55127001501,Census tract,,35,5,,,,,1588687200000
28294,55127001502,Census tract,,42,-999,,,,,1588687200000
28295,55127001602,Census tract,,76,37,,,,,1588687200000
28296,55127001603,Census tract,,28,-999,,,,,1588687200000
28297,55127001604,Census tract,,34,6,,,,,1588687200000
28301,55129950100,Census tract,,22,-999,,,,,1588687200000
28302,55129950200,Census tract,,21,-999,,,,,1588687200000
28303,55129950300,Census tract,,36,-999,,,,,1588687200000
28304,55129950500,Census tract,,70,-999,,,,,1588687200000
28307,55131400102,Census tract,,55,7,,,,,1588687200000
28308,55131400103,Census tract,,33,-999,,,,,1588687200000
28309,55131400104,Census tract,,80,6,,,,,1588687200000
28310,55131410100,Census tract,,87,5,,,,,1588687200000
28315,55131420200,Census tract,,80,-999,,,,,1588687200000
28316,55131420300,Census tract,,100,8,,,,,1588687200000
28319,55131430100,Census tract,,72,-999,,,,,1588687200000
28320,55131440103,Census tract,,63,-999,,,,,1588687200000
28321,55131440104,Census tract,,74,-999,,,,,1588687200000
28322,55131440105,Census tract,,40,-999,,,,,1588687200000
28325,55131450103,Census tract,,89,-999,,,,,1588687200000
28327,55131450105,Census tract,,33,-999,,,,,1588687200000
28328,55131450106,Census tract,,75,7,,,,,1588687200000
28330,55131460102,Census tract,,65,-999,,,,,1588687200000
28334,55131470204,Census tract,,38,-999,,,,,1588687200000
28336,55133200101,Census tract,,61,14,,,,,1588687200000
28337,55133200102,Census tract,,81,6,,,,,1588687200000
28339,55133200201,Census tract,,64,11,,,,,1588687200000
28342,55133200400,Census tract,,109,9,,,,,1588687200000
28343,55133200500,Census tract,,68,5,,,,,1588687200000
28344,55133200600,Census tract,,31,-999,,,,,1588687200000
28346,55133200801,Census tract,,41,-999,,,,,1588687200000
28347,55133200803,Census tract,,65,-999,,,,,1588687200000
28348,55133200804,Census tract,,48,-999,,,,,1588687200000
28353,55133201102,Census tract,,48,5,,,,,1588687200000
28354,55133201201,Census tract,,26,-999,,,,,1588687200000
28355,55133201202,Census tract,,80,6,,,,,1588687200000
28356,55133201203,Census tract,,45,-999,,,,,1588687200000
28359,55133201403,Census tract,,49,-999,,,,,1588687200000
28360,55133201404,Census tract,,55,-999,,,,,1588687200000
28361,55133201503,Census tract,,64,-999,,,,,1588687200000
28362,55133201504,Census tract,,65,-999,,,,,1588687200000
28363,55133201505,Census tract,,27,-999,,,,,1588687200000
28368,55133201704,Census tract,,41,-999,,,,,1588687200000
28369,55133201800,Census tract,,19,-999,,,,,1588687200000
28370,55133201900,Census tract,,42,-999,,,,,1588687200000
28373,55133202101,Census tract,,30,-999,,,,,1588687200000
28374,55133202102,Census tract,,48,-999,,,,,1588687200000
28375,55133202103,Census tract,,34,9,,,,,1588687200000
28376,55133202201,Census tract,,30,-999,,,,,1588687200000
28377,55133202202,Census tract,,92,9,,,,,1588687200000
28382,55133202600,Census tract,,43,-999,,,,,1588687200000
28383,55133202700,Census tract,,27,-999,,,,,1588687200000
28384,55133202800,Census tract,,45,10,,,,,1588687200000
28385,55133202901,Census tract,,44,5,,,,,1588687200000
28387,55133203000,Census tract,,22,-999,,,,,1588687200000
28392,55133203303,Census tract,,43,-999,,,,,1588687200000
28393,55133203304,Census tract,,42,5,,,,,1588687200000
28398,55133203404,Census tract,,48,-999,,,,,1588687200000
28399,55133203405,Census tract,,30,-999,,,,,1588687200000
28400,55133203406,Census tract,,80,-999,,,,,1588687200000
28403,55133203602,Census tract,,58,-999,,,,,1588687200000
28404,55133203702,Census tract,,38,-999,,,,,1588687200000
28405,55133203703,Census tract,,22,-999,,,,,1588687200000
28410,55133203901,Census tract,,34,-999,,,,,1588687200000
28411,55133203902,Census tract,,40,-999,,,,,1588687200000
28412,55133204002,Census tract,,32,-999,,,,,1588687200000
28413,55133204003,Census tract,,33,8,,,,,1588687200000
28414,55133204004,Census tract,,24,-999,,,,,1588687200000
28416,55133204200,Census tract,,58,6,,,,,1588687200000
28417,55133204301,Census tract,,51,-999,,,,,1588687200000
28418,55133204302,Census tract,,37,-999,,,,,1588687200000
28419,55133204400,Census tract,,13,-999,,,,,1588687200000
28424,55135100200,Census tract,,10,-999,,,,,1588687200000
28425,55135100300,Census tract,,26,-999,,,,,1588687200000
565,55069960500,Census tract,,67,-999,-999.0,-999.0,-999.0,,1592229600000
566,55069960600,Census tract,,132,-999,-999.0,-999.0,-999.0,,1592229600000
569,55069960900,Census tract,,108,-999,-999.0,-999.0,-999.0,,1592229600000
572,55071000100,Census tract,,331,-999,-999.0,-999.0,-999.0,,1592229600000
574,55071000300,Census tract,,251,5,-999.0,-999.0,-999.0,,1592229600000
575,55071000400,Census tract,,192,-999,-999.0,-999.0,-999.0,,1592229600000
577,55071000600,Census tract,,438,6,-999.0,5.0,-999.0,,1592229600000
578,55071000700,Census tract,,389,-999,-999.0,-999.0,-999.0,,1592229600000
580,55071005100,Census tract,,115,-999,-999.0,-999.0,-999.0,,1592229600000
581,55071005200,Census tract,,227,-999,-999.0,-999.0,-999.0,,1592229600000
583,55071005400,Census tract,,145,-999,-999.0,-999.0,-999.0,,1592229600000
588,55001950201,Census tract,,56,-999,-999.0,-999.0,-999.0,,1592229600000
589,55001950202,Census tract,,135,-999,-999.0,-999.0,-999.0,,1592229600000
590,55001950400,Census tract,,303,-999,-999.0,-999.0,-999.0,,1592229600000
591,55001950501,Census tract,,94,-999,-999.0,-999.0,-999.0,,1592229600000
596,55003950300,Census tract,,81,-999,-999.0,-999.0,-999.0,,1592229600000
597,55003950400,Census tract,,141,-999,-999.0,-999.0,-999.0,,1592229600000
598,55003950500,Census tract,,54,-999,-999.0,-999.0,-999.0,,1592229600000
599,55003950600,Census tract,,44,-999,-999.0,-999.0,-999.0,,1592229600000
600,55003950700,Census tract,,88,-999,-999.0,-999.0,-999.0,,1592229600000
605,55071010500,Census tract,,272,-999,-999.0,-999.0,-999.0,,1592229600000
606,55071010600,Census tract,,188,-999,-999.0,-999.0,-999.0,,1592229600000
607,55071010700,Census tract,,174,-999,-999.0,-999.0,-999.0,,1592229600000
611,55073000300,Census tract,,179,-999,-999.0,-999.0,-999.0,,1592229600000
615,55073000602,Census tract,,120,-999,-999.0,-999.0,-999.0,,1592229600000
616,55073000700,Census tract,,168,-999,-999.0,-999.0,-999.0,,1592229600000
617,55073000800,Census tract,,459,-999,-999.0,-999.0,-999.0,,1592229600000
618,55073000900,Census tract,,69,-999,-999.0,-999.0,-999.0,,1592229600000
620,55079091100,Census tract,,241,9,-999.0,7.0,-999.0,,1592229600000
623,55079091400,Census tract,,127,5,-999.0,-999.0,-999.0,,1592229600000
625,55079100200,Census tract,,308,33,6.0,20.0,7.0,,1592229600000
626,55079100300,Census tract,,251,16,-999.0,11.0,-999.0,,1592229600000
631,55079100800,Census tract,,180,13,6.0,5.0,-999.0,,1592229600000
632,55079100900,Census tract,,242,18,6.0,9.0,-999.0,,1592229600000
633,55079101000,Census tract,,277,18,5.0,8.0,5.0,,1592229600000
634,55079101100,Census tract,,117,9,-999.0,5.0,-999.0,,1592229600000
644,55005000900,Census tract,,275,-999,-999.0,-999.0,-999.0,,1592229600000
645,55005001001,Census tract,,87,-999,-999.0,-999.0,-999.0,,1592229600000
646,55005001002,Census tract,,400,-999,-999.0,-999.0,-999.0,,1592229600000
651,55007960400,Census tract,,140,-999,-999.0,-999.0,-999.0,,1592229600000
652,55007960600,Census tract,,71,-999,-999.0,-999.0,-999.0,,1592229600000
654,55073001102,Census tract,,239,-999,-999.0,-999.0,-999.0,,1592229600000
655,55073001103,Census tract,,148,-999,-999.0,-999.0,-999.0,,1592229600000
656,55073001104,Census tract,,381,10,-999.0,9.0,-999.0,,1592229600000
661,55073001500,Census tract,,78,-999,-999.0,-999.0,-999.0,,1592229600000
662,55073001600,Census tract,,135,-999,-999.0,-999.0,-999.0,,1592229600000
663,55073001700,Census tract,,76,-999,-999.0,-999.0,-999.0,,1592229600000
664,55073001800,Census tract,,138,-999,-999.0,-999.0,-999.0,,1592229600000
667,55073002100,Census tract,,201,5,-999.0,5.0,-999.0,,1592229600000
669,55073002300,Census tract,,42,-999,-999.0,-999.0,-999.0,,1592229600000
670,55079101300,Census tract,,169,19,-999.0,11.0,6.0,,1592229600000
672,55079101500,Census tract,,351,15,-999.0,9.0,-999.0,,1592229600000
675,55109120300,Census tract,,210,5,-999.0,-999.0,-999.0,,1592316000000
677,55109120501,Census tract,,427,6,-999.0,5.0,-999.0,,1592316000000
678,55109120502,Census tract,,315,7,-999.0,-999.0,-999.0,,1592316000000
682,55109120901,Census tract,,247,9,-999.0,6.0,-999.0,,1592316000000
683,55109120903,Census tract,,408,17,-999.0,11.0,6.0,,1592316000000
187,55021971100,Census tract,,172,-999,-999.0,-999.0,-999.0,,1592229600000
190,55023960100,Census tract,,210,-999,-999.0,-999.0,-999.0,,1592229600000
191,55023960200,Census tract,,126,-999,-999.0,-999.0,-999.0,,1592229600000
192,55023960300,Census tract,,161,7,-999.0,6.0,-999.0,,1592229600000
197,55025000100,Census tract,,234,-999,-999.0,-999.0,-999.0,,1592229600000
198,55025000201,Census tract,,188,-999,-999.0,-999.0,-999.0,,1592229600000
199,55025000202,Census tract,,246,-999,-999.0,-999.0,-999.0,,1592229600000
200,55025000204,Census tract,,398,8,-999.0,6.0,-999.0,,1592229600000
206,55025000406,Census tract,,369,7,-999.0,5.0,-999.0,,1592229600000
211,55025000504,Census tract,,525,10,-999.0,9.0,-999.0,,1592229600000
212,55025000600,Census tract,,381,19,5.0,13.0,-999.0,,1592229600000
213,55025000700,Census tract,,291,-999,-999.0,-999.0,-999.0,,1592229600000
214,55025000800,Census tract,,282,9,-999.0,7.0,-999.0,,1592229600000
220,55025001200,Census tract,,564,11,-999.0,8.0,-999.0,,1592229600000
221,55025001300,Census tract,,260,-999,-999.0,-999.0,-999.0,,1592229600000
222,55025001401,Census tract,,488,26,6.0,14.0,6.0,,1592229600000
227,55025001603,Census tract,,203,8,-999.0,7.0,-999.0,,1592229600000
228,55025001604,Census tract,,358,21,-999.0,16.0,-999.0,,1592229600000
229,55025001605,Census tract,,246,-999,-999.0,-999.0,-999.0,,1592229600000
230,55025001606,Census tract,,180,-999,-999.0,-999.0,-999.0,,1592229600000
234,55025001804,Census tract,,421,6,-999.0,-999.0,-999.0,,1592229600000
236,55025002000,Census tract,,690,9,-999.0,5.0,-999.0,,1592229600000
239,55025002301,Census tract,,259,5,-999.0,-999.0,-999.0,,1592229600000
241,55025002401,Census tract,,271,8,-999.0,7.0,-999.0,,1592229600000
242,55025002402,Census tract,,339,11,-999.0,7.0,-999.0,,1592229600000
244,55025002601,Census tract,,141,5,-999.0,-999.0,-999.0,,1592229600000
247,55025002700,Census tract,,355,-999,-999.0,-999.0,-999.0,,1592229600000
248,55025002800,Census tract,,205,-999,-999.0,-999.0,-999.0,,1592229600000
249,55025002900,Census tract,,257,-999,-999.0,-999.0,-999.0,,1592229600000
250,55025003001,Census tract,,393,27,8.0,18.0,-999.0,,1592229600000
256,55025010300,Census tract,,314,-999,-999.0,-999.0,-999.0,,1592229600000
257,55025010400,Census tract,,291,-999,-999.0,-999.0,-999.0,,1592229600000
258,55025010501,Census tract,,264,-999,-999.0,-999.0,-999.0,,1592229600000
259,55025010502,Census tract,,584,7,-999.0,5.0,-999.0,,1592229600000
261,55025010701,Census tract,,443,-999,-999.0,-999.0,-999.0,,1592229600000
262,55025010702,Census tract,,551,11,-999.0,9.0,-999.0,,1592229600000
263,55025010800,Census tract,,924,15,-999.0,10.0,-999.0,,1592229600000
270,55025011200,Census tract,,669,12,-999.0,6.0,-999.0,,1592229600000
271,55025011301,Census tract,,427,8,5.0,-999.0,-999.0,,1592229600000
272,55025011302,Census tract,,268,10,5.0,-999.0,-999.0,,1592229600000
273,55025011401,Census tract,,723,21,-999.0,13.0,5.0,,1592229600000
279,55025011600,Census tract,,435,6,-999.0,-999.0,-999.0,,1592229600000
280,55025011700,Census tract,,207,-999,-999.0,-999.0,-999.0,,1592229600000
281,55025011800,Census tract,,314,7,-999.0,6.0,-999.0,,1592229600000
282,55025011900,Census tract,,481,10,-999.0,8.0,-999.0,,1592229600000
283,55025012001,Census tract,,542,7,-999.0,-999.0,-999.0,,1592229600000
284,55025012002,Census tract,,294,6,-999.0,6.0,-999.0,,1592229600000
290,55025012501,Census tract,,463,6,-999.0,-999.0,-999.0,,1592229600000
291,55025012502,Census tract,,358,16,-999.0,7.0,6.0,,1592229600000
292,55025012600,Census tract,,261,-999,-999.0,-999.0,-999.0,,1592229600000
293,55025012700,Census tract,,259,-999,-999.0,-999.0,-999.0,,1592229600000
297,55025013100,Census tract,,388,-999,-999.0,-999.0,-999.0,,1592229600000
298,55025013200,Census tract,,670,21,-999.0,15.0,-999.0,,1592229600000
299,55025013301,Census tract,,298,10,5.0,5.0,-999.0,,1592229600000
300,55025013302,Census tract,,351,9,-999.0,6.0,-999.0,,1592229600000
303,55027960100,Census tract,,439,6,-999.0,-999.0,-999.0,,1592229600000
306,55027960400,Census tract,,243,8,-999.0,7.0,-999.0,,1592229600000
307,55027960500,Census tract,,164,-999,-999.0,-999.0,-999.0,,1592229600000
308,55027960600,Census tract,,400,9,-999.0,6.0,-999.0,,1592229600000
309,55027960700,Census tract,,310,15,-999.0,12.0,-999.0,,1592229600000
314,55027961200,Census tract,,161,6,-999.0,-999.0,-999.0,,1592229600000
315,55027961300,Census tract,,347,31,-999.0,21.0,8.0,,1592229600000
316,55027961400,Census tract,,162,11,-999.0,11.0,-999.0,,1592229600000
317,55027961500,Census tract,,207,6,-999.0,-999.0,-999.0,,1592229600000
321,55027961900,Census tract,,322,26,-999.0,15.0,10.0,,1592229600000
322,55027962000,Census tract,,294,-999,-999.0,-999.0,-999.0,,1592229600000
324,55029100100,Census tract,,133,-999,-999.0,-999.0,-999.0,,1592229600000
327,55029100500,Census tract,,199,-999,-999.0,-999.0,-999.0,,1592229600000
329,55029100700,Census tract,,393,7,-999.0,-999.0,-999.0,,1592229600000
330,55029100800,Census tract,,397,8,-999.0,6.0,-999.0,,1592229600000
331,55029100900,Census tract,,109,-999,-999.0,-999.0,-999.0,,1592229600000
334,55031020300,Census tract,,113,-999,-999.0,-999.0,-999.0,,1592229600000
336,55031020500,Census tract,,65,-999,-999.0,-999.0,-999.0,,1592229600000
337,55031020600,Census tract,,144,-999,-999.0,-999.0,-999.0,,1592229600000
339,55031020800,Census tract,,173,-999,-999.0,-999.0,-999.0,,1592229600000
342,55031021100,Census tract,,71,-999,-999.0,-999.0,-999.0,,1592229600000
344,55031030200,Census tract,,145,-999,-999.0,-999.0,-999.0,,1592229600000
345,55031030300,Census tract,,180,-999,-999.0,-999.0,-999.0,,1592229600000
347,55033970100,Census tract,,199,-999,-999.0,-999.0,-999.0,,1592229600000
352,55033970600,Census tract,,234,-999,-999.0,-999.0,-999.0,,1592229600000
353,55033970700,Census tract,,370,6,-999.0,5.0,-999.0,,1592229600000
354,55033970800,Census tract,,302,-999,-999.0,-999.0,-999.0,,1592229600000
356,55035000100,Census tract,,263,-999,-999.0,-999.0,-999.0,,1592229600000
357,55035000200,Census tract,,229,-999,-999.0,-999.0,-999.0,,1592229600000
362,55035000502,Census tract,,246,-999,-999.0,-999.0,-999.0,,1592229600000
363,55035000600,Census tract,,426,22,-999.0,11.0,8.0,,1592229600000
364,55035000700,Census tract,,310,12,-999.0,8.0,-999.0,,1592229600000
365,55035000801,Census tract,,240,-999,-999.0,-999.0,-999.0,,1592229600000
372,55035001400,Census tract,,536,-999,-999.0,-999.0,-999.0,,1592229600000
374,55035001600,Census tract,,327,-999,-999.0,-999.0,-999.0,,1592229600000
375,55035001700,Census tract,,119,-999,-999.0,-999.0,-999.0,,1592229600000
377,55037190100,Census tract,,146,-999,-999.0,-999.0,-999.0,,1592229600000
380,55039040100,Census tract,,300,8,-999.0,-999.0,-999.0,,1592229600000
382,55039040300,Census tract,,443,37,6.0,28.0,-999.0,,1592229600000
383,55039040400,Census tract,,189,6,-999.0,-999.0,-999.0,,1592229600000
384,55039040500,Census tract,,423,34,5.0,21.0,8.0,,1592229600000
385,55039040700,Census tract,,348,12,-999.0,9.0,-999.0,,1592229600000
390,55039041300,Census tract,,455,23,-999.0,18.0,-999.0,,1592229600000
392,55039041500,Census tract,,182,7,-999.0,5.0,-999.0,,1592229600000
393,55039041600,Census tract,,300,6,-999.0,-999.0,-999.0,,1592229600000
398,55039042100,Census tract,,277,6,-999.0,-999.0,-999.0,,1592229600000
399,55039042200,Census tract,,283,13,-999.0,9.0,-999.0,,1592229600000
406,55043960100,Census tract,,226,-999,-999.0,-999.0,-999.0,,1592229600000
407,55043960200,Census tract,,334,-999,-999.0,-999.0,-999.0,,1592229600000
408,55043960300,Census tract,,245,-999,-999.0,-999.0,-999.0,,1592229600000
413,55043960800,Census tract,,152,-999,-999.0,-999.0,-999.0,,1592229600000
414,55043960900,Census tract,,265,9,-999.0,6.0,-999.0,,1592229600000
419,55045960100,Census tract,,383,14,-999.0,10.0,-999.0,,1592229600000
420,55045960200,Census tract,,295,9,-999.0,6.0,-999.0,,1592229600000
421,55045960300,Census tract,,280,-999,-999.0,-999.0,-999.0,,1592229600000
422,55045960400,Census tract,,311,18,-999.0,17.0,-999.0,,1592229600000
428,55047100100,Census tract,,181,-999,-999.0,-999.0,-999.0,,1592229600000
430,55047100300,Census tract,,174,-999,-999.0,-999.0,-999.0,,1592229600000
432,55047100500,Census tract,,120,-999,-999.0,-999.0,-999.0,,1592229600000
435,55049950100,Census tract,,234,-999,-999.0,-999.0,-999.0,,1592229600000
436,55049950200,Census tract,,159,-999,-999.0,-999.0,-999.0,,1592229600000
437,55049950300,Census tract,,213,-999,-999.0,-999.0,-999.0,,1592229600000
438,55049950400,Census tract,,360,-999,-999.0,-999.0,-999.0,,1592229600000
446,55053960100,Census tract,,264,9,-999.0,6.0,-999.0,,1592229600000
447,55053960200,Census tract,,267,-999,-999.0,-999.0,-999.0,,1592229600000
448,55053960300,Census tract,,313,5,-999.0,-999.0,-999.0,,1592229600000
450,55053960500,Census tract,,577,-999,-999.0,-999.0,-999.0,,1592229600000
453,55055100200,Census tract,,184,5,-999.0,-999.0,-999.0,,1592229600000
455,55055100400,Census tract,,280,13,-999.0,8.0,-999.0,,1592229600000
456,55055100500,Census tract,,364,6,-999.0,-999.0,-999.0,,1592229600000
457,55055100601,Census tract,,95,-999,-999.0,-999.0,-999.0,,1592229600000
461,55055100900,Census tract,,211,-999,-999.0,-999.0,-999.0,,1592229600000
462,55055101000,Census tract,,207,-999,-999.0,-999.0,-999.0,,1592229600000
463,55055101100,Census tract,,361,13,-999.0,12.0,-999.0,,1592229600000
464,55055101201,Census tract,,125,-999,-999.0,-999.0,-999.0,,1592229600000
469,55055101600,Census tract,,337,13,-999.0,10.0,-999.0,,1592229600000
471,55055101702,Census tract,,228,7,-999.0,6.0,-999.0,,1592229600000
476,55057100400,Census tract,,403,-999,-999.0,-999.0,-999.0,,1592229600000
477,55057100500,Census tract,,373,-999,-999.0,-999.0,-999.0,,1592229600000
478,55057100600,Census tract,,286,-999,-999.0,-999.0,-999.0,,1592229600000
479,55057100700,Census tract,,243,-999,-999.0,-999.0,-999.0,,1592229600000
484,55059000500,Census tract,,413,37,-999.0,26.0,7.0,,1592229600000
485,55059000601,Census tract,,520,115,-999.0,38.0,76.0,,1592229600000
488,55059000800,Census tract,,210,59,13.0,29.0,17.0,,1592229600000
489,55059000900,Census tract,,327,95,10.0,54.0,31.0,,1592229600000
490,55059001000,Census tract,,390,22,7.0,7.0,8.0,,1592229600000
491,55059001100,Census tract,,305,87,13.0,31.0,43.0,,1592229600000
494,55059001400,Census tract,,453,47,-999.0,33.0,12.0,,1592229600000
495,55059001500,Census tract,,232,28,-999.0,17.0,9.0,,1592229600000
496,55059001600,Census tract,,247,41,-999.0,24.0,15.0,,1592229600000
497,55059001700,Census tract,,179,46,5.0,28.0,13.0,,1592229600000
501,55059002100,Census tract,,595,70,12.0,44.0,14.0,,1592229600000
503,55059002300,Census tract,,452,30,-999.0,18.0,8.0,,1592229600000
504,55059002400,Census tract,,346,9,-999.0,-999.0,-999.0,,1592229600000
509,55059002800,Census tract,,338,6,-999.0,-999.0,-999.0,,1592229600000
510,55059002903,Census tract,,172,8,-999.0,6.0,-999.0,,1592229600000
511,55059002904,Census tract,,316,22,-999.0,7.0,14.0,,1592229600000
512,55059002905,Census tract,,257,16,-999.0,10.0,5.0,,1592229600000
513,55059002906,Census tract,,261,13,-999.0,10.0,-999.0,,1592229600000
514,55059003001,Census tract,,236,6,-999.0,-999.0,-999.0,,1592229600000
519,55061960400,Census tract,,404,15,-999.0,10.0,-999.0,,1592229600000
520,55061960500,Census tract,,330,12,-999.0,8.0,-999.0,,1592229600000
522,55063000100,Census tract,,357,-999,-999.0,-999.0,-999.0,,1592229600000
523,55063000200,Census tract,,322,-999,-999.0,-999.0,-999.0,,1592229600000
527,55063000600,Census tract,,125,-999,-999.0,-999.0,-999.0,,1592229600000
528,55063000700,Census tract,,262,-999,-999.0,-999.0,-999.0,,1592229600000
529,55063000800,Census tract,,186,7,-999.0,-999.0,-999.0,,1592229600000
534,55063001200,Census tract,,263,-999,-999.0,-999.0,-999.0,,1592229600000
535,55063010101,Census tract,,282,8,-999.0,-999.0,-999.0,,1592229600000
536,55063010102,Census tract,,375,-999,-999.0,-999.0,-999.0,,1592229600000
537,55063010201,Census tract,,534,14,-999.0,7.0,5.0,,1592229600000
541,55063010401,Census tract,,312,-999,-999.0,-999.0,-999.0,,1592229600000
542,55063010402,Census tract,,597,10,-999.0,8.0,-999.0,,1592229600000
543,55063010500,Census tract,,371,-999,-999.0,-999.0,-999.0,,1592229600000
544,55063010600,Census tract,,220,-999,-999.0,-999.0,-999.0,,1592229600000
545,55063010700,Census tract,,447,-999,-999.0,-999.0,-999.0,,1592229600000
550,55065970300,Census tract,,205,7,-999.0,-999.0,-999.0,,1592229600000
551,55065970400,Census tract,,192,-999,-999.0,-999.0,-999.0,,1592229600000
552,55065970500,Census tract,,146,8,-999.0,8.0,-999.0,,1592229600000
555,55067960300,Census tract,,107,-999,-999.0,-999.0,-999.0,,1592229600000
559,55067960700,Census tract,,300,-999,-999.0,-999.0,-999.0,,1592229600000
562,55069960200,Census tract,,237,-999,-999.0,-999.0,-999.0,,1592229600000
567,55069960700,Census tract,,143,-999,-999.0,-999.0,-999.0,,1592229600000
568,55069960800,Census tract,,122,-999,-999.0,-999.0,-999.0,,1592229600000
570,55069961000,Census tract,,196,-999,-999.0,-999.0,-999.0,,1592229600000
573,55071000200,Census tract,,101,-999,-999.0,-999.0,-999.0,,1592229600000
576,55071000500,Census tract,,145,-999,-999.0,-999.0,-999.0,,1592229600000
579,55071000800,Census tract,,225,-999,-999.0,-999.0,-999.0,,1592229600000
582,55071005300,Census tract,,89,-999,-999.0,-999.0,-999.0,,1592229600000
584,55071010100,Census tract,,208,-999,-999.0,-999.0,-999.0,,1592229600000
587,55001950100,Census tract,,153,-999,-999.0,-999.0,-999.0,,1592229600000
592,55001950502,Census tract,,161,-999,-999.0,-999.0,-999.0,,1592229600000
593,55001950700,Census tract,,224,-999,-999.0,-999.0,-999.0,,1592229600000
595,55003940000,Census tract,,54,-999,-999.0,-999.0,-999.0,,1592229600000
601,55003950800,Census tract,,107,-999,-999.0,-999.0,-999.0,,1592229600000
602,55071010200,Census tract,,295,7,-999.0,5.0,-999.0,,1592229600000
603,55071010300,Census tract,,174,-999,-999.0,-999.0,-999.0,,1592229600000
604,55071010400,Census tract,,252,-999,-999.0,-999.0,-999.0,,1592229600000
27841,55079080200,Census tract,,54,-999,,,,,1588687200000
27842,55079080300,Census tract,,54,10,,,,,1588687200000
27843,55079080400,Census tract,,61,7,,,,,1588687200000
27844,55079090100,Census tract,,74,7,,,,,1588687200000
27849,55079090800,Census tract,,31,7,,,,,1588687200000
27850,55079090900,Census tract,,62,10,,,,,1588687200000
27851,55079091000,Census tract,,53,6,,,,,1588687200000
27852,55079091100,Census tract,,50,-999,,,,,1588687200000
27853,55079091200,Census tract,,106,11,,,,,1588687200000
27855,55079091400,Census tract,,37,-999,,,,,1588687200000
27856,55079100100,Census tract,,74,6,,,,,1588687200000
27861,55079100600,Census tract,,34,-999,,,,,1588687200000
27862,55079100700,Census tract,,46,-999,,,,,1588687200000
27867,55079101200,Census tract,,42,5,,,,,1588687200000
27868,55079101300,Census tract,,55,7,,,,,1588687200000
27869,55079101400,Census tract,,72,-999,,,,,1588687200000
27870,55079101500,Census tract,,72,-999,,,,,1588687200000
27871,55079101600,Census tract,,74,9,,,,,1588687200000
27876,55079120102,Census tract,,85,25,,,,,1588687200000
27877,55079120201,Census tract,,60,-999,,,,,1588687200000
27878,55079120202,Census tract,,39,9,,,,,1588687200000
27879,55079120203,Census tract,,50,10,,,,,1588687200000
27880,55079120300,Census tract,,21,-999,,,,,1588687200000
27883,55079120502,Census tract,,72,9,,,,,1588687200000
27884,55079130100,Census tract,,54,22,,,,,1588687200000
27885,55079130200,Census tract,,41,-999,,,,,1588687200000
27887,55079140201,Census tract,,70,7,,,,,1588687200000
27890,55079150301,Census tract,,68,9,,,,,1588687200000
27891,55079150303,Census tract,,60,9,,,,,1588687200000
27892,55079150304,Census tract,,45,8,,,,,1588687200000
27893,55079160100,Census tract,,92,10,,,,,1588687200000
27894,55079160202,Census tract,,100,14,,,,,1588687200000
27895,55079160203,Census tract,,92,20,,,,,1588687200000
27898,55079170100,Census tract,,31,8,,,,,1588687200000
27900,55079170300,Census tract,,45,8,,,,,1588687200000
27901,55079170400,Census tract,,53,7,,,,,1588687200000
27902,55079170500,Census tract,,52,15,,,,,1588687200000
27903,55079170600,Census tract,,57,7,,,,,1588687200000
27908,55079180400,Census tract,,32,-999,,,,,1588687200000
27909,55079180500,Census tract,,83,13,,,,,1588687200000
27912,55079185300,Census tract,,81,9,,,,,1588687200000
27914,55079185500,Census tract,,20,6,,,,,1588687200000
27917,55079185800,Census tract,,23,6,,,,,1588687200000
27919,55079186000,Census tract,,37,5,,,,,1588687200000
27920,55079186100,Census tract,,56,11,,,,,1588687200000
27922,55079186300,Census tract,,193,13,,,,,1588687200000
27925,55079186600,Census tract,,34,10,,,,,1588687200000
27927,55079186900,Census tract,,55,12,,,,,1588687200000
27929,55079187200,Census tract,,700,105,,,,,1588687200000
27930,55079187300,Census tract,,52,6,,,,,1588687200000
27932,55079980000,Census tract,,-999,-999,,,,,1588687200000
27937,55081950400,Census tract,,107,-999,,,,,1588687200000
27938,55081950500,Census tract,,115,-999,,,,,1588687200000
27939,55081950600,Census tract,,140,5,,,,,1588687200000
27944,55083100300,Census tract,,32,-999,,,,,1588687200000
27945,55083100500,Census tract,,19,-999,,,,,1588687200000
27946,55083100600,Census tract,,32,-999,,,,,1588687200000
27951,55083101100,Census tract,,46,-999,,,,,1588687200000
27952,55083101200,Census tract,,56,-999,,,,,1588687200000
27953,55083101300,Census tract,,115,13,,,,,1588687200000
27954,55083990000,Census tract,,-999,-999,,,,,1588687200000
27959,55085970500,Census tract,,13,-999,,,,,1588687200000
27960,55085970601,Census tract,,12,-999,,,,,1588687200000
27961,55085970602,Census tract,,33,-999,,,,,1588687200000
27962,55085970800,Census tract,,17,-999,,,,,1588687200000
27964,55085971001,Census tract,,12,-999,,,,,1588687200000
27967,55085971300,Census tract,,15,-999,,,,,1588687200000
27969,55085971500,Census tract,,51,-999,,,,,1588687200000
27972,55087010200,Census tract,,46,-999,,,,,1588687200000
27973,55087010300,Census tract,,29,-999,,,,,1588687200000
27974,55087010500,Census tract,,35,-999,,,,,1588687200000
27975,55087010601,Census tract,,47,-999,,,,,1588687200000
27978,55087010800,Census tract,,11,-999,,,,,1588687200000
27979,55087010900,Census tract,,16,-999,,,,,1588687200000
27981,55087011101,Census tract,,48,-999,,,,,1588687200000
27982,55087011102,Census tract,,90,-999,,,,,1588687200000
27983,55087011200,Census tract,,29,-999,,,,,1588687200000
27988,55087011600,Census tract,,56,-999,,,,,1588687200000
27989,55087011700,Census tract,,19,-999,,,,,1588687200000
27990,55087011800,Census tract,,11,-999,,,,,1588687200000
27991,55087011900,Census tract,,84,-999,,,,,1588687200000
27992,55087012000,Census tract,,37,-999,,,,,1588687200000
27993,55087012100,Census tract,,80,-999,,,,,1588687200000
27995,55087012300,Census tract,,6,-999,,,,,1588687200000
27997,55087012503,Census tract,,27,-999,,,,,1588687200000
28002,55087012602,Census tract,,32,-999,,,,,1588687200000
28003,55087012700,Census tract,,61,-999,,,,,1588687200000
28004,55087012800,Census tract,,58,-999,,,,,1588687200000
28005,55087012901,Census tract,,41,-999,,,,,1588687200000
28009,55087013300,Census tract,,55,-999,,,,,1588687200000
28010,55087940000,Census tract,,38,-999,,,,,1588687200000
28013,55089610102,Census tract,,34,-999,,,,,1588687200000
28015,55089630100,Census tract,,37,-999,,,,,1588687200000
28016,55089630201,Census tract,,46,-999,,,,,1588687200000
28018,55089640100,Census tract,,91,19,,,,,1588687200000
28023,55089650300,Census tract,,53,-999,,,,,1588687200000
28024,55089660100,Census tract,,45,-999,,,,,1588687200000
28025,55089660201,Census tract,,45,-999,,,,,1588687200000
28026,55089660202,Census tract,,62,7,,,,,1588687200000
28027,55089660301,Census tract,,70,11,,,,,1588687200000
28028,55089660303,Census tract,,71,10,,,,,1588687200000
28033,55091950200,Census tract,,80,-999,,,,,1588687200000
28035,55093960100,Census tract,,45,-999,,,,,1588687200000
28036,55093960200,Census tract,,57,-999,,,,,1588687200000
28038,55093960400,Census tract,,30,-999,,,,,1588687200000
28039,55093960500,Census tract,,57,-999,,,,,1588687200000
28044,55095960100,Census tract,,28,-999,,,,,1588687200000
28045,55095960200,Census tract,,33,-999,,,,,1588687200000
28046,55095960300,Census tract,,46,-999,,,,,1588687200000
28055,55097960100,Census tract,,21,-999,,,,,1588687200000
28056,55097960200,Census tract,,18,-999,,,,,1588687200000
28057,55097960300,Census tract,,26,-999,,,,,1588687200000
28058,55097960400,Census tract,,18,-999,,,,,1588687200000
28063,55097960800,Census tract,,35,-999,,,,,1588687200000
28064,55097960900,Census tract,,21,-999,,,,,1588687200000
28065,55097961000,Census tract,,18,-999,,,,,1588687200000
28066,55097961100,Census tract,,65,-999,,,,,1588687200000
28067,55097961200,Census tract,,42,-999,,,,,1588687200000
28068,55097961300,Census tract,,25,-999,,,,,1588687200000
28073,55099970500,Census tract,,17,-999,,,,,1588687200000
28074,55099970600,Census tract,,13,-999,,,,,1588687200000
28075,55099970700,Census tract,,15,-999,,,,,1588687200000
28077,55101000100,Census tract,,20,5,,,,,1588687200000
28078,55101000200,Census tract,,84,24,,,,,1588687200000
28079,55101000300,Census tract,,52,19,,,,,1588687200000
28080,55101000400,Census tract,,78,18,,,,,1588687200000
28081,55101000500,Census tract,,90,40,,,,,1588687200000
28082,55101000600,Census tract,,103,21,,,,,1588687200000
28087,55101000904,Census tract,,98,6,,,,,1588687200000
28088,55101001001,Census tract,,85,9,,,,,1588687200000
28089,55101001002,Census tract,,38,13,,,,,1588687200000
28090,55101001003,Census tract,,62,12,,,,,1588687200000
28094,55101001301,Census tract,,51,10,,,,,1588687200000
28095,55101001302,Census tract,,79,20,,,,,1588687200000
28096,55101001400,Census tract,,107,18,,,,,1588687200000
28101,55101001601,Census tract,,79,7,,,,,1588687200000
28102,55101001602,Census tract,,31,-999,,,,,1588687200000
28103,55101001701,Census tract,,62,15,,,,,1588687200000
28104,55101001702,Census tract,,79,10,,,,,1588687200000
28112,55101002002,Census tract,,42,6,,,,,1588687200000
28113,55101002100,Census tract,,48,-999,,,,,1588687200000
28114,55101002401,Census tract,,73,5,,,,,1588687200000
28115,55101002402,Census tract,,218,24,,,,,1588687200000
28120,55101980000,Census tract,,23,-999,,,,,1588687200000
28123,55103970200,Census tract,,60,-999,,,,,1588687200000
28124,55103970300,Census tract,,36,-999,,,,,1588687200000
28126,55103970500,Census tract,,78,5,,,,,1588687200000
28129,55105000200,Census tract,,42,-999,,,,,1588687200000
28130,55105000300,Census tract,,53,6,,,,,1588687200000
28131,55105000400,Census tract,,81,-999,,,,,1588687200000
28132,55105000500,Census tract,,66,-999,,,,,1588687200000
28133,55105000600,Census tract,,43,-999,,,,,1588687200000
28134,55105000700,Census tract,,75,7,,,,,1588687200000
28138,55105001100,Census tract,,93,10,,,,,1588687200000
28139,55105001201,Census tract,,80,5,,,,,1588687200000
28140,55105001202,Census tract,,77,-999,,,,,1588687200000
28141,55105001302,Census tract,,87,10,,,,,1588687200000
28146,55105001600,Census tract,,81,19,,,,,1588687200000
28147,55105001700,Census tract,,96,23,,,,,1588687200000
28148,55105001800,Census tract,,75,30,,,,,1588687200000
28152,55105002200,Census tract,,28,-999,,,,,1588687200000
28153,55105002300,Census tract,,30,15,,,,,1588687200000
28154,55105002400,Census tract,,41,5,,,,,1588687200000
28159,55105002800,Census tract,,46,-999,,,,,1588687200000
28160,55105002900,Census tract,,121,-999,,,,,1588687200000
28161,55105003001,Census tract,,81,-999,,,,,1588687200000
28162,55105003002,Census tract,,75,-999,,,,,1588687200000
28169,55107960300,Census tract,,24,-999,,,,,1588687200000
28171,55107960500,Census tract,,47,-999,,,,,1588687200000
28173,55109120100,Census tract,,16,-999,,,,,1588687200000
28174,55109120201,Census tract,,31,-999,,,,,1588687200000
28179,55109120502,Census tract,,47,-999,,,,,1588687200000
28180,55109120600,Census tract,,64,-999,,,,,1588687200000
28181,55109120700,Census tract,,80,-999,,,,,1588687200000
28182,55109120800,Census tract,,84,-999,,,,,1588687200000
28188,55111000100,Census tract,,102,22,,,,,1588687200000
28189,55111000200,Census tract,,61,5,,,,,1588687200000
28190,55111000300,Census tract,,123,-999,,,,,1588687200000
28191,55111000401,Census tract,,87,-999,,,,,1588687200000
28193,55111000500,Census tract,,72,-999,,,,,1588687200000
28194,55111000600,Census tract,,147,6,,,,,1588687200000
28195,55111000700,Census tract,,49,-999,,,,,1588687200000
28196,55111000800,Census tract,,79,6,,,,,1588687200000
28202,55113100300,Census tract,,93,-999,,,,,1588687200000
28203,55113100400,Census tract,,31,-999,,,,,1588687200000
28205,55113100700,Census tract,,22,-999,,,,,1588687200000
28209,55115100100,Census tract,,24,-999,,,,,1588687200000
28211,55115100300,Census tract,,44,-999,,,,,1588687200000
28212,55115100400,Census tract,,70,-999,,,,,1588687200000
28214,55115100600,Census tract,,45,-999,,,,,1588687200000
28217,55115100900,Census tract,,21,-999,,,,,1588687200000
28225,55117000400,Census tract,,122,15,,,,,1588687200000
28227,55117000800,Census tract,,47,-999,,,,,1588687200000
28228,55117000900,Census tract,,54,-999,,,,,1588687200000
28230,55117001100,Census tract,,23,-999,,,,,1588687200000
28233,55117010300,Census tract,,17,-999,,,,,1588687200000
28236,55117010502,Census tract,,35,-999,,,,,1588687200000
28237,55117010601,Census tract,,44,-999,,,,,1588687200000
28238,55117010602,Census tract,,30,-999,,,,,1588687200000
28239,55117010700,Census tract,,61,-999,,,,,1588687200000
28244,55117011200,Census tract,,33,-999,,,,,1588687200000
28245,55117011300,Census tract,,41,-999,,,,,1588687200000
28246,55117011400,Census tract,,25,-999,,,,,1588687200000
28249,55119960200,Census tract,,14,-999,,,,,1588687200000
28250,55119960300,Census tract,,21,-999,,,,,1588687200000
28251,55119960400,Census tract,,24,-999,,,,,1588687200000
28252,55119960500,Census tract,,19,-999,,,,,1588687200000
28257,55121100300,Census tract,,31,-999,,,,,1588687200000
28258,55121100400,Census tract,,71,-999,,,,,1588687200000
28259,55121100500,Census tract,,47,-999,,,,,1588687200000
28260,55121100600,Census tract,,61,-999,,,,,1588687200000
28261,55121100700,Census tract,,109,-999,,,,,1588687200000
28266,55123960300,Census tract,,79,-999,,,,,1588687200000
28267,55123960400,Census tract,,101,-999,,,,,1588687200000
28268,55123960500,Census tract,,51,-999,,,,,1588687200000
28269,55123960600,Census tract,,77,-999,,,,,1588687200000
28274,55125950500,Census tract,,44,-999,,,,,1588687200000
28278,55127000101,Census tract,,43,5,,,,,1588687200000
28280,55127000200,Census tract,,44,7,,,,,1588687200000
28281,55127000301,Census tract,,32,-999,,,,,1588687200000
28282,55127000302,Census tract,,62,-999,,,,,1588687200000
28283,55127000400,Census tract,,39,6,,,,,1588687200000
28285,55127000502,Census tract,,18,-999,,,,,1588687200000
28288,55127000702,Census tract,,64,7,,,,,1588687200000
28289,55127000800,Census tract,,44,8,,,,,1588687200000
28290,55127000901,Census tract,,55,18,,,,,1588687200000
28291,55127000902,Census tract,,40,8,,,,,1588687200000
28292,55127001000,Census tract,,50,-999,,,,,1588687200000
28298,55127001701,Census tract,,52,5,,,,,1588687200000
28299,55127001702,Census tract,,56,6,,,,,1588687200000
28305,55129950600,Census tract,,40,-999,,,,,1588687200000
28311,55131420103,Census tract,,94,5,,,,,1588687200000
28312,55131420104,Census tract,,75,6,,,,,1588687200000
28313,55131420105,Census tract,,61,-999,,,,,1588687200000
28314,55131420106,Census tract,,57,-999,,,,,1588687200000
28317,55131420401,Census tract,,32,-999,,,,,1588687200000
28318,55131420402,Census tract,,40,-999,,,,,1588687200000
28323,55131440106,Census tract,,35,-999,,,,,1588687200000
28324,55131440200,Census tract,,59,-999,,,,,1588687200000
28326,55131450104,Census tract,,102,-999,,,,,1588687200000
28329,55131460101,Census tract,,63,-999,,,,,1588687200000
28331,55131470100,Census tract,,73,11,,,,,1588687200000
28332,55131470202,Census tract,,96,6,,,,,1588687200000
28333,55131470203,Census tract,,70,-999,,,,,1588687200000
28338,55133200103,Census tract,,53,7,,,,,1588687200000
28340,55133200202,Census tract,,57,5,,,,,1588687200000
28341,55133200300,Census tract,,76,-999,,,,,1588687200000
28345,55133200700,Census tract,,47,5,,,,,1588687200000
28349,55133200901,Census tract,,62,-999,,,,,1588687200000
28350,55133200902,Census tract,,57,-999,,,,,1588687200000
28351,55133201000,Census tract,,93,8,,,,,1588687200000
28352,55133201101,Census tract,,65,-999,,,,,1588687200000
28357,55133201300,Census tract,,42,5,,,,,1588687200000
28358,55133201402,Census tract,,58,-999,,,,,1588687200000
28364,55133201506,Census tract,,77,5,,,,,1588687200000
28365,55133201600,Census tract,,58,10,,,,,1588687200000
28366,55133201701,Census tract,,56,-999,,,,,1588687200000
28367,55133201703,Census tract,,57,9,,,,,1588687200000
28371,55133202001,Census tract,,32,-999,,,,,1588687200000
28372,55133202002,Census tract,,34,5,,,,,1588687200000
28378,55133202301,Census tract,,33,-999,,,,,1588687200000
28379,55133202302,Census tract,,69,11,,,,,1588687200000
28380,55133202400,Census tract,,46,-999,,,,,1588687200000
28381,55133202500,Census tract,,33,7,,,,,1588687200000
28386,55133202902,Census tract,,38,-999,,,,,1588687200000
28388,55133203101,Census tract,,60,7,,,,,1588687200000
28389,55133203102,Census tract,,82,8,,,,,1588687200000
28390,55133203103,Census tract,,53,-999,,,,,1588687200000
28391,55133203200,Census tract,,30,-999,,,,,1588687200000
28394,55133203305,Census tract,,33,6,,,,,1588687200000
28395,55133203306,Census tract,,65,-999,,,,,1588687200000
28396,55133203402,Census tract,,60,-999,,,,,1588687200000
28397,55133203403,Census tract,,64,5,,,,,1588687200000
28401,55133203500,Census tract,,54,-999,,,,,1588687200000
28402,55133203601,Census tract,,42,-999,,,,,1588687200000
28406,55133203704,Census tract,,35,-999,,,,,1588687200000
28407,55133203802,Census tract,,35,-999,,,,,1588687200000
28408,55133203803,Census tract,,25,-999,,,,,1588687200000
28409,55133203804,Census tract,,55,12,,,,,1588687200000
28415,55133204100,Census tract,,38,-999,,,,,1588687200000
28420,55133204501,Census tract,,24,-999,,,,,1588687200000
28421,55133204502,Census tract,,41,-999,,,,,1588687200000
28423,55135100100,Census tract,,37,-999,,,,,1588687200000
28428,55135100600,Census tract,,38,-999,,,,,1588687200000
28433,55135101100,Census tract,,63,-999,,,,,1588687200000
28434,55135101200,Census tract,,30,-999,,,,,1588687200000
28436,55137960100,Census tract,,18,-999,,,,,1588687200000
28441,55137960700,Census tract,,25,-999,,,,,1588687200000
28444,55139000100,Census tract,,26,-999,,,,,1588687200000
28445,55139000200,Census tract,,31,-999,,,,,1588687200000
28450,55139000800,Census tract,,28,-999,,,,,1588687200000
28451,55139000900,Census tract,,30,5,,,,,1588687200000
28452,55139001000,Census tract,,32,-999,,,,,1588687200000
28453,55139001100,Census tract,,33,-999,,,,,1588687200000
28454,55139001200,Census tract,,19,-999,,,,,1588687200000
28457,55139001500,Census tract,,24,-999,,,,,1588687200000
